{"namedChunkGroups":{"polyfill":{"name":"polyfill","assets":[{"name":"webpack-runtime-c96af9d26e030b328ec3.js","size":3297},{"name":"polyfill-2b02905c65c9c1b5c6c2.js","size":82220}],"filteredAssets":0,"assetsSize":85517,"filteredAuxiliaryAssets":2,"auxiliaryAssetsSize":213721},"app":{"name":"app","assets":[{"name":"webpack-runtime-c96af9d26e030b328ec3.js","size":3297},{"name":"framework-1f8db60c4f6292df0945.js","size":128904},{"name":"app-f198629ca341def4445f.js","size":50348}],"filteredAssets":0,"assetsSize":182549,"filteredAuxiliaryAssets":3,"auxiliaryAssetsSize":543404},"component---src-pages-404-js":{"name":"component---src-pages-404-js","assets":[{"name":"component---src-pages-404-js-46fd319c89ce435012b5.js","size":834}],"filteredAssets":0,"assetsSize":834,"filteredAuxiliaryAssets":1,"auxiliaryAssetsSize":2006},"component---src-pages-about-js":{"name":"component---src-pages-about-js","assets":[{"name":"component---src-pages-about-js-b22aff9a479f20bfd449.js","size":1250}],"filteredAssets":0,"assetsSize":1250,"filteredAuxiliaryAssets":1,"auxiliaryAssetsSize":2251},"component---src-pages-contact-js":{"name":"component---src-pages-contact-js","assets":[{"name":"component---src-pages-contact-js-ce3f1fb55044acbc5f33.js","size":1284}],"filteredAssets":0,"assetsSize":1284,"filteredAuxiliaryAssets":1,"auxiliaryAssetsSize":2311},"component---src-pages-index-js":{"name":"component---src-pages-index-js","assets":[{"name":"component---src-pages-index-js-7a41deddb24df118d54d.js","size":99635}],"filteredAssets":0,"assetsSize":99635,"filteredAuxiliaryAssets":1,"auxiliaryAssetsSize":321515}},"assetsByChunkName":{"polyfill":["webpack-runtime-c96af9d26e030b328ec3.js","polyfill-2b02905c65c9c1b5c6c2.js"],"app":["webpack-runtime-c96af9d26e030b328ec3.js","framework-1f8db60c4f6292df0945.js","app-f198629ca341def4445f.js"],"component---src-pages-404-js":["component---src-pages-404-js-46fd319c89ce435012b5.js"],"component---src-pages-about-js":["component---src-pages-about-js-b22aff9a479f20bfd449.js"],"component---src-pages-contact-js":["component---src-pages-contact-js-ce3f1fb55044acbc5f33.js"],"component---src-pages-index-js":["component---src-pages-index-js-7a41deddb24df118d54d.js"]},"childAssetsByChunkName":{}}